"filename", "language", "C++", "YAML", "Dart", "JSON", "Groovy", "Markdown", "Properties", "XML", "Java", "Swift", "HTML", "Ruby", "comment", "blank", "total"
"/Users/marekskreko/Documents/GitHub/flutter-agmmo/README.md", "Markdown", 0, 0, 0, 0, 0, 10, 0, 0, 0, 0, 0, 0, 0, 7, 17
"/Users/marekskreko/Documents/GitHub/flutter-agmmo/analysis_options.yaml", "YAML", 0, 3, 0, 0, 0, 0, 0, 0, 0, 0, 0, 0, 22, 4, 29
"/Users/marekskreko/Documents/GitHub/flutter-agmmo/android/app/build.gradle", "Groovy", 0, 0, 0, 0, 57, 0, 0, 0, 0, 0, 0, 0, 3, 11, 71
"/Users/marekskreko/Documents/GitHub/flutter-agmmo/android/app/src/debug/AndroidManifest.xml", "XML", 0, 0, 0, 0, 0, 0, 0, 4, 0, 0, 0, 0, 4, 1, 9
"/Users/marekskreko/Documents/GitHub/flutter-agmmo/android/app/src/main/AndroidManifest.xml", "XML", 0, 0, 0, 0, 0, 0, 0, 45, 0, 0, 0, 0, 11, 7, 63
"/Users/marekskreko/Documents/GitHub/flutter-agmmo/android/app/src/main/java/com/example/agmmo/MainActivity.java", "Java", 0, 0, 0, 0, 0, 0, 0, 0, 4, 0, 0, 0, 0, 3, 7
"/Users/marekskreko/Documents/GitHub/flutter-agmmo/android/app/src/main/res/drawable-v21/launch_background.xml", "XML", 0, 0, 0, 0, 0, 0, 0, 4, 0, 0, 0, 0, 7, 2, 13
"/Users/marekskreko/Documents/GitHub/flutter-agmmo/android/app/src/main/res/drawable/launch_background.xml", "XML", 0, 0, 0, 0, 0, 0, 0, 4, 0, 0, 0, 0, 7, 2, 13
"/Users/marekskreko/Documents/GitHub/flutter-agmmo/android/app/src/main/res/values-night/styles.xml", "XML", 0, 0, 0, 0, 0, 0, 0, 9, 0, 0, 0, 0, 9, 1, 19
"/Users/marekskreko/Documents/GitHub/flutter-agmmo/android/app/src/main/res/values/styles.xml", "XML", 0, 0, 0, 0, 0, 0, 0, 9, 0, 0, 0, 0, 9, 1, 19
"/Users/marekskreko/Documents/GitHub/flutter-agmmo/android/app/src/profile/AndroidManifest.xml", "XML", 0, 0, 0, 0, 0, 0, 0, 3, 0, 0, 0, 0, 4, 1, 8
"/Users/marekskreko/Documents/GitHub/flutter-agmmo/android/build.gradle", "Groovy", 0, 0, 0, 0, 16, 0, 0, 0, 0, 0, 0, 0, 0, 3, 19
"/Users/marekskreko/Documents/GitHub/flutter-agmmo/android/gradle.properties", "Properties", 0, 0, 0, 0, 0, 0, 3, 0, 0, 0, 0, 0, 0, 1, 4
"/Users/marekskreko/Documents/GitHub/flutter-agmmo/android/gradle/wrapper/gradle-wrapper.properties", "Properties", 0, 0, 0, 0, 0, 0, 5, 0, 0, 0, 0, 0, 0, 1, 6
"/Users/marekskreko/Documents/GitHub/flutter-agmmo/android/settings.gradle", "Groovy", 0, 0, 0, 0, 21, 0, 0, 0, 0, 0, 0, 0, 0, 5, 26
"/Users/marekskreko/Documents/GitHub/flutter-agmmo/ios/Podfile", "Ruby", 0, 0, 0, 0, 0, 0, 0, 0, 0, 0, 0, 32, 3, 10, 45
"/Users/marekskreko/Documents/GitHub/flutter-agmmo/ios/Runner/AppDelegate.swift", "Swift", 0, 0, 0, 0, 0, 0, 0, 0, 0, 12, 0, 0, 0, 2, 14
"/Users/marekskreko/Documents/GitHub/flutter-agmmo/ios/Runner/Assets.xcassets/AppIcon.appiconset/Contents.json", "JSON", 0, 0, 0, 122, 0, 0, 0, 0, 0, 0, 0, 0, 0, 1, 123
"/Users/marekskreko/Documents/GitHub/flutter-agmmo/ios/Runner/Assets.xcassets/LaunchImage.imageset/Contents.json", "JSON", 0, 0, 0, 23, 0, 0, 0, 0, 0, 0, 0, 0, 0, 1, 24
"/Users/marekskreko/Documents/GitHub/flutter-agmmo/ios/Runner/Assets.xcassets/LaunchImage.imageset/README.md", "Markdown", 0, 0, 0, 0, 0, 3, 0, 0, 0, 0, 0, 0, 0, 2, 5
"/Users/marekskreko/Documents/GitHub/flutter-agmmo/ios/Runner/Base.lproj/LaunchScreen.storyboard", "XML", 0, 0, 0, 0, 0, 0, 0, 36, 0, 0, 0, 0, 1, 1, 38
"/Users/marekskreko/Documents/GitHub/flutter-agmmo/ios/Runner/Base.lproj/Main.storyboard", "XML", 0, 0, 0, 0, 0, 0, 0, 25, 0, 0, 0, 0, 1, 1, 27
"/Users/marekskreko/Documents/GitHub/flutter-agmmo/ios/Runner/Runner-Bridging-Header.h", "C++", 1, 0, 0, 0, 0, 0, 0, 0, 0, 0, 0, 0, 0, 1, 2
"/Users/marekskreko/Documents/GitHub/flutter-agmmo/ios/RunnerTests/RunnerTests.swift", "Swift", 0, 0, 0, 0, 0, 0, 0, 0, 0, 7, 0, 0, 2, 4, 13
"/Users/marekskreko/Documents/GitHub/flutter-agmmo/lib/body_widget.dart", "Dart", 0, 0, 117, 0, 0, 0, 0, 0, 0, 0, 0, 0, 0, 20, 137
"/Users/marekskreko/Documents/GitHub/flutter-agmmo/lib/main.dart", "Dart", 0, 0, 51, 0, 0, 0, 0, 0, 0, 0, 0, 0, 1, 15, 67
"/Users/marekskreko/Documents/GitHub/flutter-agmmo/linux/flutter/generated_plugin_registrant.cc", "C++", 3, 0, 0, 0, 0, 0, 0, 0, 0, 0, 0, 0, 4, 5, 12
"/Users/marekskreko/Documents/GitHub/flutter-agmmo/linux/flutter/generated_plugin_registrant.h", "C++", 5, 0, 0, 0, 0, 0, 0, 0, 0, 0, 0, 0, 5, 6, 16
"/Users/marekskreko/Documents/GitHub/flutter-agmmo/linux/main.cc", "C++", 5, 0, 0, 0, 0, 0, 0, 0, 0, 0, 0, 0, 0, 2, 7
"/Users/marekskreko/Documents/GitHub/flutter-agmmo/linux/my_application.cc", "C++", 82, 0, 0, 0, 0, 0, 0, 0, 0, 0, 0, 0, 17, 26, 125
"/Users/marekskreko/Documents/GitHub/flutter-agmmo/linux/my_application.h", "C++", 7, 0, 0, 0, 0, 0, 0, 0, 0, 0, 0, 0, 7, 5, 19
"/Users/marekskreko/Documents/GitHub/flutter-agmmo/macos/Flutter/GeneratedPluginRegistrant.swift", "Swift", 0, 0, 0, 0, 0, 0, 0, 0, 0, 6, 0, 0, 3, 4, 13
"/Users/marekskreko/Documents/GitHub/flutter-agmmo/macos/Podfile", "Ruby", 0, 0, 0, 0, 0, 0, 0, 0, 0, 0, 0, 33, 1, 10, 44
"/Users/marekskreko/Documents/GitHub/flutter-agmmo/macos/Runner/AppDelegate.swift", "Swift", 0, 0, 0, 0, 0, 0, 0, 0, 0, 8, 0, 0, 0, 2, 10
"/Users/marekskreko/Documents/GitHub/flutter-agmmo/macos/Runner/Assets.xcassets/AppIcon.appiconset/Contents.json", "JSON", 0, 0, 0, 68, 0, 0, 0, 0, 0, 0, 0, 0, 0, 1, 69
"/Users/marekskreko/Documents/GitHub/flutter-agmmo/macos/Runner/Base.lproj/MainMenu.xib", "XML", 0, 0, 0, 0, 0, 0, 0, 343, 0, 0, 0, 0, 0, 1, 344
"/Users/marekskreko/Documents/GitHub/flutter-agmmo/macos/Runner/MainFlutterWindow.swift", "Swift", 0, 0, 0, 0, 0, 0, 0, 0, 0, 12, 0, 0, 0, 4, 16
"/Users/marekskreko/Documents/GitHub/flutter-agmmo/macos/RunnerTests/RunnerTests.swift", "Swift", 0, 0, 0, 0, 0, 0, 0, 0, 0, 7, 0, 0, 2, 4, 13
"/Users/marekskreko/Documents/GitHub/flutter-agmmo/pubspec.yaml", "YAML", 0, 29, 0, 0, 0, 0, 0, 0, 0, 0, 0, 0, 53, 15, 97
"/Users/marekskreko/Documents/GitHub/flutter-agmmo/test/widget_test.dart", "Dart", 0, 0, 14, 0, 0, 0, 0, 0, 0, 0, 0, 0, 10, 7, 31
"/Users/marekskreko/Documents/GitHub/flutter-agmmo/web/index.html", "HTML", 0, 0, 0, 0, 0, 0, 0, 0, 0, 0, 19, 0, 15, 5, 39
"/Users/marekskreko/Documents/GitHub/flutter-agmmo/web/manifest.json", "JSON", 0, 0, 0, 35, 0, 0, 0, 0, 0, 0, 0, 0, 0, 1, 36
"/Users/marekskreko/Documents/GitHub/flutter-agmmo/windows/flutter/generated_plugin_registrant.cc", "C++", 3, 0, 0, 0, 0, 0, 0, 0, 0, 0, 0, 0, 4, 5, 12
"/Users/marekskreko/Documents/GitHub/flutter-agmmo/windows/flutter/generated_plugin_registrant.h", "C++", 5, 0, 0, 0, 0, 0, 0, 0, 0, 0, 0, 0, 5, 6, 16
"/Users/marekskreko/Documents/GitHub/flutter-agmmo/windows/runner/flutter_window.cpp", "C++", 49, 0, 0, 0, 0, 0, 0, 0, 0, 0, 0, 0, 7, 16, 72
"/Users/marekskreko/Documents/GitHub/flutter-agmmo/windows/runner/flutter_window.h", "C++", 20, 0, 0, 0, 0, 0, 0, 0, 0, 0, 0, 0, 5, 9, 34
"/Users/marekskreko/Documents/GitHub/flutter-agmmo/windows/runner/main.cpp", "C++", 30, 0, 0, 0, 0, 0, 0, 0, 0, 0, 0, 0, 4, 10, 44
"/Users/marekskreko/Documents/GitHub/flutter-agmmo/windows/runner/resource.h", "C++", 9, 0, 0, 0, 0, 0, 0, 0, 0, 0, 0, 0, 6, 2, 17
"/Users/marekskreko/Documents/GitHub/flutter-agmmo/windows/runner/utils.cpp", "C++", 54, 0, 0, 0, 0, 0, 0, 0, 0, 0, 0, 0, 2, 10, 66
"/Users/marekskreko/Documents/GitHub/flutter-agmmo/windows/runner/utils.h", "C++", 8, 0, 0, 0, 0, 0, 0, 0, 0, 0, 0, 0, 6, 6, 20
"/Users/marekskreko/Documents/GitHub/flutter-agmmo/windows/runner/win32_window.cpp", "C++", 210, 0, 0, 0, 0, 0, 0, 0, 0, 0, 0, 0, 24, 55, 289
"/Users/marekskreko/Documents/GitHub/flutter-agmmo/windows/runner/win32_window.h", "C++", 48, 0, 0, 0, 0, 0, 0, 0, 0, 0, 0, 0, 31, 24, 103
"Total", "-", 539, 32, 182, 248, 94, 13, 8, 482, 4, 52, 19, 65, 295, 349, 2382